<launch>
  <arg name="trajectory_source_frame_name" default="/base_link"/>
  <arg name="trajectory_update_rate" default="4"/>
  <arg name="trajectory_publish_rate" default="0.25"/>

  <node pkg="hector_trajectory_server" type="hector_trajectory_server" name="hector_trajectory_server" output="screen">
    <param name="target_frame_name" type="string" value="/map" />
    <param name="source_frame_name" type="string" value="$(arg trajectory_source_frame_name)" />
    <param name="trajectory_update_rate" type="double" value="$(arg trajectory_update_rate)" />
    <param name="trajectory_publish_rate" type="double" value="$(arg trajectory_publish_rate)" />
  </node>

  <node pkg="hector_geotiff" type="geotiff_node" name="hector_geotiff_node" output="screen" launch-prefix="nice -n 15">
    <remap from="map" to="/dynamic_map" />
    <param name="map_file_path" type="string" value="$(find hector_geotiff)/maps" />
    <param name="map_file_base_name" type="string" value="uprobotics" />
    <param name="geotiff_save_period" type="double" value="0" />
    <param name="draw_background_checkerboard" type="bool" value="true" />
    <param name="draw_free_space_grid" type="bool" value="true" />
  </node>
</launch>
